avg_arrival,avg_burst,avg_priority,std_burst,num_processes,best_algo,best_avg_waiting_time,best_avg_turnaround_time,throughput
5.930232558139535,10.674418604651162,0.0,4.246684590486347,43,SJF,167.48837209302326,178.1627906976744,0.09168443496801706
4.0,13.125,1.375,5.302515126491076,16,SRTF,71.75,84.875,0.0730593607305936
4.642857142857143,13.642857142857142,1.7142857142857142,4.253227843643824,28,SJF,146.67857142857142,160.32142857142858,0.07142857142857142
4.217391304347826,12.869565217391305,0.0,4.920313624760917,23,SRTF,105.91304347826087,118.78260869565217,0.07516339869281045
5.425,11.125,1.55,4.603162235257689,40,SRTF,161.125,172.25,0.08791208791208792
4.630434782608695,12.478260869565217,1.2391304347826086,4.27259551839021,46,SRTF,221.0,233.47826086956522,0.07876712328767123
4.333333333333333,13.433333333333334,0.0,5.1574073500851805,30,SRTF,148.2,161.63333333333333,0.07281553398058252
4.904761904761905,11.738095238095237,1.619047619047619,4.884317980747152,42,SJF,178.07142857142858,189.8095238095238,0.08349900596421471
6.222222222222222,13.88888888888889,1.4444444444444444,2.934469476943168,9,SRTF,44.111111111111114,58.0,0.06716417910447761
4.428571428571429,13.285714285714286,0.0,3.9880774697543053,7,SJF,29.714285714285715,43.0,0.07
4.6,12.333333333333334,2.0,5.972157622389639,15,SRTF,59.0,71.33333333333333,0.07731958762886598
5.108695652173913,11.73913043478261,1.5434782608695652,4.914535278623088,46,SRTF,195.6086956521739,207.34782608695653,0.08363636363636363
5.758620689655173,12.413793103448276,0.0,5.335308542285001,29,SJF,125.58620689655173,138.0,0.07837837837837838
5.5,10.928571428571429,2.5714285714285716,5.850237151199489,14,SRTF,48.0,58.92857142857143,0.08588957055214724
4.8125,13.5625,2.0833333333333335,4.6854516801273824,48,SJF,250.54166666666666,264.1041666666667,0.07261724659606657
5.8125,12.625,0.0,5.315072906367325,16,SRTF,66.8125,79.4375,0.07547169811320754
4.625,12.125,1.5416666666666667,5.033042989994267,24,SJF,101.04166666666667,113.16666666666667,0.07973421926910298
5.529411764705882,12.794117647058824,1.7352941176470589,4.571183864726258,34,SRTF,163.26470588235293,176.05882352941177,0.07640449438202247
4.3076923076923075,14.73076923076923,0.0,4.094461550022833,26,SRTF,151.34615384615384,166.07692307692307,0.06649616368286446
5.891891891891892,11.64864864864865,0.0,4.473478737181168,37,SRTF,158.56756756756758,170.21621621621622,0.08390022675736962
4.75,9.75,2.75,5.188127472091127,4,SRTF,7.5,17.25,0.08333333333333333
4.857142857142857,13.057142857142857,1.6857142857142857,4.582208927521986,35,SRTF,172.62857142857143,185.68571428571428,0.07494646680942184
4.2,13.8,0.0,2.4899799195977463,5,SJF,22.6,36.4,0.06329113924050633
5.617647058823529,13.529411764705882,0.0,4.711271424082096,34,SRTF,174.3235294117647,187.85294117647058,0.07234042553191489
5.571428571428571,11.0,2.7142857142857144,5.291502622129181,7,SRTF,19.285714285714285,30.285714285714285,0.08139534883720931
5.9,13.2,0.8,4.3410188256265885,10,SJF,43.6,56.8,0.07042253521126761
4.153846153846154,12.23076923076923,0.0,5.002563445438851,13,SRTF,52.61538461538461,64.84615384615384,0.07738095238095238
4.078947368421052,12.973684210526315,1.394736842105263,4.6759120636846365,38,SRTF,186.1315789473684,199.10526315789474,0.07554671968190854
5.351351351351352,11.594594594594595,1.7567567567567568,4.734386382036686,37,SRTF,154.86486486486487,166.45945945945945,0.08428246013667426
5.483870967741935,11.35483870967742,1.6451612903225807,3.962729590377271,31,SJF,130.83870967741936,142.19354838709677,0.0856353591160221
6.0,12.285714285714286,0.0,4.49556270489173,35,SJF,159.65714285714284,171.94285714285715,0.07954545454545454
4.666666666666667,11.846153846153847,0.0,5.132653266552873,39,SJF,163.92307692307693,175.76923076923077,0.0826271186440678
5.2894736842105265,11.68421052631579,1.7894736842105263,4.1661782549211805,38,SJF,166.8421052631579,178.52631578947367,0.08370044052863436
5.454545454545454,14.727272727272727,0.0,3.954284212896645,22,SRTF,125.81818181818181,140.54545454545453,0.0658682634730539
5.571428571428571,13.047619047619047,1.9047619047619047,3.8821189898476396,42,SJF,216.52380952380952,229.57142857142858,0.07526881720430108
4.708333333333333,13.0,0.0,5.11604466785409,24,SRTF,111.08333333333333,124.08333333333333,0.07453416149068323
4.285714285714286,14.928571428571429,1.9285714285714286,3.6891584555139545,14,SJF,79.64285714285714,94.57142857142857,0.06422018348623854
5.119047619047619,11.80952380952381,1.5476190476190477,4.261215303792211,42,SRTF,186.38095238095238,198.1904761904762,0.08300395256916997
5.066666666666666,11.311111111111112,1.6444444444444444,4.461054819323575,45,SRTF,187.35555555555555,198.66666666666666,0.08670520231213873
5.769230769230769,13.5,1.6153846153846154,4.244997055358225,26,SJF,132.1153846153846,145.6153846153846,0.07202216066481995
5.2105263157894735,12.473684210526315,1.894736842105263,5.450468084410851,19,SJF,78.6842105263158,91.15789473684211,0.07692307692307693
4.5,11.863636363636363,1.9545454545454546,4.109170401100615,22,SRTF,95.9090909090909,107.77272727272727,0.08118081180811808
5.409090909090909,11.227272727272727,1.2727272727272727,5.380138236689411,22,SRTF,82.0,93.22727272727273,0.08560311284046693
5.555555555555555,13.0,0.0,5.766281297335398,9,SRTF,34.333333333333336,47.333333333333336,0.07086614173228346
5.363636363636363,12.727272727272727,1.5454545454545454,4.758365838661993,33,SJF,154.27272727272728,167.0,0.07674418604651163
5.617647058823529,12.088235294117647,1.8823529411764706,4.7632917511522805,34,SJF,148.23529411764707,160.3235294117647,0.08076009501187649
4.743589743589744,12.23076923076923,0.0,4.613832397553312,39,SJF,177.30769230769232,189.53846153846155,0.08008213552361396
3.6666666666666665,14.416666666666666,1.75,4.6604395682914905,12,SRTF,61.25,75.66666666666667,0.06629834254143646
4.73469387755102,11.795918367346939,0.0,5.159859461251242,49,SRTF,206.9591836734694,218.75510204081633,0.08333333333333333
5.024390243902439,12.585365853658537,1.7073170731707317,4.466405768378515,41,SJF,194.85365853658536,207.4390243902439,0.0779467680608365
4.138888888888889,12.0,0.0,4.9106298694043025,36,SRTF,156.05555555555554,168.05555555555554,0.08144796380090498
4.379310344827586,12.241379310344827,0.0,5.047313092936487,29,SJF,126.27586206896552,138.51724137931035,0.07945205479452055
5.947368421052632,12.052631578947368,0.0,4.1962110450384795,19,SJF,80.73684210526316,92.78947368421052,0.0794979079497908
6.4,9.866666666666667,0.0,4.068461742769735,15,SRTF,47.86666666666667,57.733333333333334,0.0949367088607595
4.536585365853658,12.878048780487806,0.0,5.201899277913882,41,SRTF,193.73170731707316,206.609756097561,0.0762081784386617
4.823529411764706,10.941176470588236,1.4705882352941178,4.6699918125636755,17,SRTF,63.05882352941177,74.0,0.08673469387755102
5.044444444444444,14.088888888888889,0.0,4.378782636045934,45,SRTF,249.86666666666667,263.9555555555556,0.06987577639751552
5.9375,13.5,1.5,5.465040408511785,16,SJF,71.625,85.125,0.07079646017699115
5.387755102040816,12.346938775510203,1.530612244897959,4.832834832373936,49,SRTF,223.9591836734694,236.30612244897958,0.07967479674796749
5.104166666666667,13.416666666666666,1.6458333333333333,4.471342952784817,48,SRTF,250.02083333333334,263.4375,0.07339449541284404
4.275862068965517,12.068965517241379,0.0,4.735361160481537,29,SJF,126.03448275862068,138.10344827586206,0.08055555555555556
5.224489795918367,12.142857142857142,0.0,4.716990566028302,49,SRTF,220.77551020408163,232.91836734693877,0.08099173553719008
5.097560975609756,13.512195121951219,0.0,4.093421253789502,41,SRTF,218.02439024390245,231.53658536585365,0.0726950354609929
5.4,14.057142857142857,0.0,4.14404503398521,35,SRTF,193.34285714285716,207.4,0.0697211155378486
4.666666666666667,11.833333333333334,1.8333333333333333,4.355073669487885,6,SRTF,20.0,31.833333333333332,0.075
5.361111111111111,12.38888888888889,0.0,4.728501893700599,36,SJF,163.41666666666666,175.80555555555554,0.07894736842105263
4.076923076923077,12.820512820512821,1.4871794871794872,4.925079720817751,39,SRTF,185.66666666666666,198.48717948717947,0.07647058823529412
5.916666666666667,12.166666666666666,1.75,4.608950449117916,12,SRTF,47.5,59.666666666666664,0.07741935483870968
3.7142857142857144,10.714285714285714,0.0,4.8899987640170135,14,SRTF,50.714285714285715,61.42857142857143,0.08917197452229299
4.380952380952381,13.142857142857142,0.0,5.068176314003469,42,SJF,204.95238095238096,218.0952380952381,0.07473309608540925
4.666666666666667,12.083333333333334,0.0,5.728054299725699,12,SJF,43.75,55.833333333333336,0.07741935483870968
5.222222222222222,12.222222222222221,1.4444444444444444,6.200358412579424,9,SJF,29.444444444444443,41.666666666666664,0.075
6.117647058823529,10.588235294117647,1.2941176470588236,4.556023808231962,17,SJF,58.35294117647059,68.94117647058823,0.08947368421052632
4.0,17.0,0.0,,1,FCFS,0.0,17.0,0.047619047619047616
4.0,12.136363636363637,0.0,4.178122779037251,22,SRTF,98.68181818181819,110.81818181818181,0.07942238267148015
5.0,11.466666666666667,0.0,4.970823966817867,45,SRTF,184.86666666666667,196.33333333333334,0.08555133079847908
5.148936170212766,13.319148936170214,1.8085106382978724,4.606736008417332,47,SJF,239.93617021276594,253.25531914893617,0.07389937106918239
4.3125,11.6875,0.0,4.539699435837348,32,SJF,135.9375,147.625,0.08333333333333333
4.125,13.5,0.0,3.251373336211726,8,SJF,36.375,49.875,0.06837606837606838
6.0,10.6,0.0,3.5071355833500366,5,SJF,14.4,25.0,0.08064516129032258
4.75,12.5,2.25,4.750939756661683,8,SRTF,30.75,43.25,0.07339449541284404
5.090909090909091,11.090909090909092,0.0,4.742458127480842,11,SJF,36.54545454545455,47.63636363636363,0.08333333333333333
5.434782608695652,11.695652173913043,0.0,4.742791493018121,23,SRTF,93.95652173913044,105.65217391304348,0.08243727598566308
3.3333333333333335,13.555555555555555,2.111111111111111,4.304390523381652,9,SRTF,41.666666666666664,55.22222222222222,0.06923076923076923
5.108108108108108,12.405405405405405,0.0,4.867462603060469,37,SJF,167.21621621621622,179.6216216216216,0.07889125799573561
4.032258064516129,12.290322580645162,0.0,5.568922986162267,31,SJF,132.0,144.29032258064515,0.0792838874680307
5.5,13.5,1.0,4.795831523312719,4,SRTF,12.75,26.25,0.0625
5.326086956521739,12.043478260869565,0.0,4.054936753797113,46,SRTF,213.41304347826087,225.45652173913044,0.08156028368794327
4.0,15.0,0.0,6.244997998398398,3,SRTF,11.0,26.0,0.057692307692307696
6.428571428571429,12.428571428571429,1.7142857142857142,3.8234863173611093,7,SRTF,29.0,41.42857142857143,0.07291666666666667
4.621621621621622,13.18918918918919,0.0,5.415193839958485,37,SRTF,177.48648648648648,190.67567567567568,0.07429718875502007
5.25,12.75,0.0,4.216196839507577,20,SRTF,94.1,106.85,0.07547169811320754
0.0,7.5,0.0,2.1213203435596424,2,SJF,3.0,10.5,0.13333333333333333
6.5,7.5,0.5,2.1213203435596424,2,FCFS,1.0,8.5,0.08
5.135135135135135,11.243243243243244,1.5135135135135136,4.560734622876045,37,SJF,150.02702702702703,161.27027027027026,0.08685446009389672
5.4,12.266666666666667,1.4666666666666666,4.250219737389109,30,SRTF,137.63333333333333,149.9,0.07936507936507936
4.86,11.58,0.0,4.957328115105588,50,SJF,208.78,220.36,0.08488964346349745
1.2,11.4,0.0,4.6690470119715,5,SJF,15.8,27.2,0.08196721311475409
3.5,13.777777777777779,1.4444444444444444,4.426598156805072,18,SJF,91.72222222222223,105.5,0.07003891050583658
5.0,13.846153846153847,1.7307692307692308,4.945238580228928,26,SJF,133.6153846153846,147.46153846153845,0.07027027027027027
5.2631578947368425,12.131578947368421,1.7894736842105263,4.674086426889354,38,SJF,169.26315789473685,181.39473684210526,0.08067940552016985
4.8936170212765955,11.787234042553191,0.0,4.601210475009555,47,SJF,205.19148936170214,216.9787234042553,0.08333333333333333
4.576923076923077,12.576923076923077,0.0,4.464733603905853,26,SJF,120.3076923076923,132.8846153846154,0.0771513353115727
5.235294117647059,12.941176470588236,1.6470588235294117,4.320081203435658,34,SRTF,167.85294117647058,180.7941176470588,0.07555555555555556
5.209302325581396,13.30232558139535,1.5116279069767442,4.631850826823879,43,SJF,217.97674418604652,231.27906976744185,0.07388316151202749
4.617647058823529,13.323529411764707,1.7352941176470589,4.4019320017003425,34,SRTF,174.02941176470588,187.35294117647058,0.0734341252699784
3.8666666666666667,13.666666666666666,0.0,4.790864322059325,15,SJF,72.26666666666667,85.93333333333334,0.07042253521126761
6.321428571428571,12.678571428571429,0.0,4.823196814689144,28,SRTF,129.96428571428572,142.64285714285714,0.07671232876712329
5.257142857142857,11.542857142857143,0.0,4.334152045046393,35,SJF,149.97142857142856,161.5142857142857,0.08454106280193237
5.136363636363637,14.227272727272727,1.8181818181818181,3.939202459548889,22,SRTF,121.68181818181819,135.9090909090909,0.06811145510835913
4.523809523809524,12.571428571428571,1.8571428571428572,4.154171741411621,21,SJF,97.0,109.57142857142857,0.07664233576642336
5.142857142857143,13.857142857142858,1.4285714285714286,4.240049761267192,14,SRTF,69.71428571428571,83.57142857142857,0.06862745098039216
4.375,13.25,2.875,5.800246300189083,8,SRTF,32.875,46.125,0.06896551724137931
5.666666666666667,12.333333333333334,0.0,4.600339179601423,48,SJF,221.41666666666666,233.75,0.07973421926910298
4.914893617021277,12.72340425531915,0.0,4.514238958728618,47,SJF,227.74468085106383,240.46808510638297,0.07730263157894737
4.833333333333333,12.5,0.0,4.776838056516237,12,SRTF,48.916666666666664,61.416666666666664,0.075
6.142857142857143,11.857142857142858,0.0,3.919520042382404,14,SRTF,58.07142857142857,69.92857142857143,0.07954545454545454
5.046511627906977,12.348837209302326,1.5813953488372092,5.112467119140894,43,SRTF,192.90697674418604,205.25581395348837,0.07948243992606285
4.888888888888889,14.11111111111111,0.0,4.314059701848262,9,SRTF,42.111111111111114,56.22222222222222,0.06569343065693431
5.228571428571429,12.4,1.7714285714285714,5.03633853929151,35,SJF,155.74285714285713,168.14285714285714,0.07882882882882883
5.511111111111111,11.11111111111111,0.0,4.4884813296330694,45,SJF,183.4,194.51111111111112,0.08823529411764706
4.653061224489796,12.10204081632653,0.0,4.62441391763677,49,SJF,221.3877551020408,233.48979591836735,0.0812603648424544
7.5,10.0,0.0,4.242640687119285,2,SRTF,3.5,13.5,0.07142857142857142
6.25,11.75,2.25,5.083395429327635,12,SJF,44.833333333333336,56.583333333333336,0.07947019867549669
5.542857142857143,12.857142857142858,1.8,4.796707554286016,35,SRTF,166.34285714285716,179.2,0.07608695652173914
3.5,15.833333333333334,1.1666666666666667,3.6560452221856705,6,SRTF,31.833333333333332,47.666666666666664,0.058823529411764705
5.555555555555555,12.666666666666666,0.0,4.651490474714921,45,SJF,214.84444444444443,227.51111111111112,0.07758620689655173
0.0,14.0,0.0,,1,FCFS,0.0,14.0,0.07142857142857142
3.9444444444444446,11.61111111111111,2.4444444444444446,4.367512266576113,18,SJF,73.38888888888889,85.0,0.0821917808219178
5.545454545454546,12.727272727272727,0.0,4.887949002858505,33,SJF,152.72727272727272,165.45454545454547,0.07674418604651163
5.0,10.772727272727273,1.5909090909090908,4.396230183559526,22,SJF,81.31818181818181,92.0909090909091,0.08906882591093117
3.8421052631578947,13.421052631578947,0.0,4.07316133670811,19,SJF,95.6842105263158,109.10526315789474,0.07169811320754717
4.446808510638298,12.212765957446809,1.6595744680851063,4.601210475009555,47,SJF,215.6595744680851,227.87234042553192,0.08047945205479452
5.235294117647059,12.294117647058824,1.588235294117647,4.224403891118144,17,SJF,73.52941176470588,85.82352941176471,0.0776255707762557
4.55,13.45,1.9,4.517487388769592,40,SRTF,207.3,220.75,0.072992700729927
4.5,11.805555555555555,0.0,4.578330603081336,36,SRTF,155.91666666666666,167.72222222222223,0.08275862068965517
2.7777777777777777,15.11111111111111,1.8888888888888888,3.5862391318916687,9,SRTF,50.77777777777778,65.88888888888889,0.06338028169014084
4.909090909090909,12.045454545454545,0.0,4.9224428868835055,44,SJF,192.63636363636363,204.6818181818182,0.08148148148148149
3.6923076923076925,10.461538461538462,1.8461538461538463,3.7774635364528364,13,SRTF,46.15384615384615,56.61538461538461,0.09027777777777778
3.5555555555555554,13.222222222222221,3.111111111111111,3.153481321404083,9,SJF,41.77777777777778,55.0,0.0703125
5.131578947368421,13.157894736842104,1.8157894736842106,4.658768633213008,38,SJF,188.71052631578948,201.8684210526316,0.07450980392156863
4.444444444444445,11.25925925925926,0.0,4.460015458688219,27,SJF,108.88888888888889,120.14814814814815,0.08626198083067092
5.823529411764706,10.705882352941176,1.8235294117647058,3.933266865506855,17,SRTF,62.64705882352941,73.3529411764706,0.08854166666666667
5.122448979591836,12.612244897959183,1.816326530612245,4.549800025507587,49,SJF,234.3673469387755,246.9795918367347,0.07802547770700637
4.886363636363637,12.522727272727273,0.0,3.938413305602971,44,SRTF,216.13636363636363,228.6590909090909,0.0784313725490196
4.282051282051282,11.58974358974359,0.0,4.8759233874100225,39,SJF,162.33333333333334,173.92307692307693,0.08441558441558442
5.244897959183674,11.938775510204081,0.0,4.336896755675394,49,SJF,221.79591836734693,233.73469387755102,0.08235294117647059
4.166666666666667,13.0,1.8333333333333333,5.865151319446072,6,SRTF,20.833333333333332,33.833333333333336,0.06818181818181818
5.6923076923076925,13.307692307692308,1.6923076923076923,4.250188532771524,13,SJF,61.69230769230769,75.0,0.07142857142857142
5.05,11.95,1.575,4.898717780954104,40,SRTF,172.85,184.8,0.08196721311475409
5.04,13.0,0.0,4.804511768466525,25,SJF,117.36,130.36,0.0748502994011976
6.6,13.0,0.0,5.1478150704935,5,SJF,17.2,30.2,0.06756756756756757
5.8,11.333333333333334,0.0,3.4982989063393712,15,SRTF,60.266666666666666,71.6,0.08333333333333333
5.964285714285714,12.142857142857142,0.0,4.560005569475853,28,SRTF,123.28571428571429,135.42857142857142,0.08
4.142857142857143,11.285714285714286,0.0,4.2322674669836156,14,SJF,53.785714285714285,65.07142857142857,0.08333333333333333
4.711111111111111,12.422222222222222,1.6222222222222222,4.942804176913459,45,SJF,205.46666666666667,217.88888888888889,0.07908611599297012
6.75,14.5,0.75,4.123105625617661,4,SJF,13.25,27.75,0.058823529411764705
4.684210526315789,12.763157894736842,1.5263157894736843,4.687154444351739,38,SJF,181.05263157894737,193.81578947368422,0.07676767676767676
3.7333333333333334,11.266666666666667,1.4666666666666666,4.757950739351474,15,SRTF,56.93333333333333,68.2,0.08426966292134831
5.25,12.65,0.0,4.682273401941232,20,SJF,88.95,101.6,0.07604562737642585
4.529411764705882,11.235294117647058,1.6470588235294117,4.206088024588672,17,SJF,65.70588235294117,76.94117647058823,0.0845771144278607
6.090909090909091,12.636363636363637,2.090909090909091,4.225463933646275,11,SRTF,48.72727272727273,61.36363636363637,0.0738255033557047
5.228571428571429,12.657142857142857,0.0,5.15034468945216,35,SJF,159.34285714285716,172.0,0.0772626931567329
3.7,12.35,2.3,4.233637231805096,20,SJF,90.6,102.95,0.07782101167315175
3.727272727272727,13.363636363636363,0.0,4.572645941803379,22,SRTF,109.04545454545455,122.4090909090909,0.07236842105263158
5.0,10.0,0.0,3.391164991562634,5,SRTF,13.4,23.4,0.0847457627118644
5.051282051282051,12.307692307692308,1.564102564102564,4.496512368689913,39,SRTF,179.64102564102564,191.94871794871796,0.07959183673469387
5.4375,12.416666666666666,1.9583333333333333,5.026878111323099,48,SRTF,218.5625,230.97916666666666,0.07920792079207921
5.114285714285714,12.514285714285714,0.0,4.175357882311186,35,SRTF,167.2,179.71428571428572,0.078125
5.076923076923077,9.923076923076923,0.0,4.0509574683346665,13,SRTF,41.53846153846154,51.46153846153846,0.0948905109489051
4.875,12.583333333333334,1.7708333333333333,4.40904936602628,48,SJF,231.25,243.83333333333334,0.0781758957654723
7.166666666666667,11.0,1.5,4.979959839195493,6,SJF,17.333333333333332,28.333333333333332,0.07894736842105263
3.0,12.8,1.8,5.540758070878027,5,SRTF,18.2,31.0,0.07042253521126761
2.5,14.0,3.5,1.4142135623730951,2,FCFS,5.0,19.0,0.0625
5.571428571428571,12.952380952380953,0.0,4.521904360733323,21,SJF,98.38095238095238,111.33333333333333,0.07446808510638298
5.205128205128205,13.333333333333334,1.4871794871794872,4.7313808673875215,39,SRTF,196.56410256410257,209.89743589743588,0.07358490566037736
5.5625,11.8125,0.0,4.6450632830162615,32,SJF,135.625,147.4375,0.08247422680412371
5.066666666666666,13.7,0.0,4.542139857243348,30,SRTF,155.93333333333334,169.63333333333333,0.07125890736342043
4.388888888888889,13.5,1.6111111111111112,5.393351026413694,18,SRTF,84.0,97.5,0.07114624505928854
4.75,11.0,2.25,4.08248290463863,4,FCFS,9.5,20.5,0.07547169811320754
4.5,12.423076923076923,0.0,4.482615994466418,26,SRTF,119.46153846153847,131.8846153846154,0.07807807807807808
4.416666666666667,12.666666666666666,1.75,4.119429204355498,12,SRTF,53.333333333333336,66.0,0.07407407407407407
4.76,13.08,1.66,4.7972781398435105,50,SJF,247.64,260.72,0.07530120481927711
5.357142857142857,13.714285714285714,1.9642857142857142,4.495735780897295,28,SJF,144.78571428571428,158.5,0.07106598984771574
5.571428571428571,15.571428571428571,3.4285714285714284,3.909694909544003,7,SJF,36.142857142857146,51.714285714285715,0.058823529411764705
4.232558139534884,12.418604651162791,1.627906976744186,4.305215873905771,43,SRTF,204.5581395348837,216.97674418604652,0.07904411764705882
4.88,11.84,0.0,4.393935214209089,25,SRTF,107.48,119.32,0.08169934640522876
5.0344827586206895,12.931034482758621,0.0,5.042186561423232,29,SJF,135.6206896551724,148.55172413793105,0.07532467532467532
4.725,13.525,1.55,4.846291206844514,40,SRTF,204.575,218.1,0.07259528130671507
6.333333333333333,12.222222222222221,0.0,3.6666666666666665,9,SJF,36.888888888888886,49.111111111111114,0.075
4.16,13.0,2.12,4.183300132670378,25,SJF,122.64,135.64,0.0748502994011976
6.387096774193548,13.741935483870968,0.0,4.343330073691415,31,SRTF,162.80645161290323,176.5483870967742,0.07110091743119266
5.291666666666667,11.083333333333334,0.0,4.10637538963253,24,SJF,95.29166666666667,106.375,0.08695652173913043
5.404761904761905,12.285714285714286,1.6428571428571428,4.215451914469619,42,SRTF,197.33333333333334,209.61904761904762,0.07984790874524715
4.892857142857143,10.285714285714286,1.6071428571428572,4.503966505838414,28,SJF,99.96428571428571,110.25,0.09427609427609428
5.104166666666667,12.395833333333334,1.4166666666666667,4.680150858331128,48,SJF,222.33333333333334,234.72916666666666,0.07933884297520662
3.7777777777777777,12.11111111111111,1.5555555555555556,3.1402406135694623,9,SJF,37.44444444444444,49.55555555555556,0.07627118644067797
5.411764705882353,12.176470588235293,1.588235294117647,3.5219897451165134,17,SRTF,77.3529411764706,89.52941176470588,0.07834101382488479
4.3076923076923075,9.76923076923077,2.0,4.0651741691643455,13,SRTF,41.23076923076923,51.0,0.09558823529411764
5.666666666666667,10.166666666666666,2.1666666666666665,4.3089055068157,6,SRTF,17.333333333333332,27.5,0.08450704225352113
4.67741935483871,11.67741935483871,1.5161290322580645,4.253524787547331,31,SRTF,133.6451612903226,145.32258064516128,0.08333333333333333
4.9,11.2,0.0,5.267577092084427,20,SJF,73.0,84.2,0.08547008547008547
4.636363636363637,11.727272727272727,0.0,4.522670168666455,33,SRTF,141.6969696969697,153.42424242424244,0.08312342569269521
4.25,12.25,0.0,5.063877678504601,8,SRTF,29.25,41.5,0.07476635514018691
5.588235294117647,12.0,0.0,4.387482193696061,17,SJF,70.94117647058823,82.94117647058823,0.0794392523364486
5.255813953488372,13.255813953488373,1.627906976744186,4.123642768093314,43,SJF,224.04651162790697,237.30232558139534,0.07413793103448275
3.911764705882353,11.058823529411764,1.9705882352941178,3.868608523398094,34,SRTF,142.23529411764707,153.2941176470588,0.08808290155440414
5.3428571428571425,12.82857142857143,1.8857142857142857,3.981469683463147,35,SRTF,174.85714285714286,187.68571428571428,0.07625272331154684
5.387096774193548,11.935483870967742,0.0,4.725360542653281,31,SJF,132.96774193548387,144.90322580645162,0.08157894736842106
4.0,16.0,0.0,0.0,2,FCFS,8.0,24.0,0.05555555555555555
5.487179487179487,13.179487179487179,0.0,4.352082350177446,39,SRTF,197.71794871794873,210.89743589743588,0.07442748091603053
2.0,13.0,1.5,2.8284271247461903,2,SJF,5.5,18.5,0.07142857142857142
5.571428571428571,12.428571428571429,0.0,5.380741673076394,7,SRTF,22.571428571428573,35.0,0.07216494845360824
4.368421052631579,11.052631578947368,1.631578947368421,4.789730730201464,19,SJF,70.3157894736842,81.36842105263158,0.08636363636363636
3.608695652173913,13.217391304347826,1.3043478260869565,4.9722550375159535,23,SJF,110.34782608695652,123.56521739130434,0.0732484076433121
6.0,9.75,2.25,3.2015621187164243,4,SRTF,9.25,19.0,0.08333333333333333
5.84,12.0,0.0,5.172040216394301,25,SJF,102.12,114.12,0.08064516129032258
4.666666666666667,10.75,2.125,4.701988478524156,24,SJF,88.33333333333333,99.08333333333333,0.08955223880597014
4.297297297297297,13.594594594594595,1.5945945945945945,4.929838060555671,37,SRTF,189.43243243243242,203.02702702702703,0.07212475633528265
4.66,13.02,1.3,4.859201244514769,50,SRTF,245.82,258.84,0.07564296520423601
5.666666666666667,12.666666666666666,0.0,5.115801850289803,36,SJF,164.11111111111111,176.77777777777777,0.07725321888412018
5.333333333333333,12.222222222222221,1.6666666666666667,5.031215689386743,45,SJF,199.3111111111111,211.53333333333333,0.08035714285714286
3.0,9.666666666666666,3.3333333333333335,5.686240703077327,3,SJF,4.0,13.666666666666666,0.08571428571428572
4.534883720930233,12.581395348837209,0.0,4.7621151670016735,43,SRTF,202.2093023255814,214.7906976744186,0.0780399274047187
4.565217391304348,13.0,1.6956521739130435,5.072205903477571,23,SRTF,106.95652173913044,119.95652173913044,0.0744336569579288
5.6,12.533333333333333,1.3666666666666667,5.630785658008728,30,SJF,129.1,141.63333333333333,0.07772020725388601
5.48,12.0,1.88,4.898979485566356,25,SRTF,105.08,117.08,0.08064516129032258
4.846153846153846,11.846153846153847,1.7692307692307692,3.8045182315713744,13,SRTF,54.61538461538461,66.46153846153847,0.07926829268292683
5.235294117647059,12.352941176470589,0.0,4.227013964824759,17,SRTF,75.23529411764706,87.58823529411765,0.07727272727272727
5.125,11.25,2.75,4.399675312695569,8,SJF,25.375,36.625,0.08
4.512820512820513,12.948717948717949,1.9743589743589745,4.186121920601817,39,SRTF,196.51282051282053,209.46153846153845,0.07572815533980583
6.0,14.5,2.0,0.7071067811865476,2,FCFS,3.5,18.0,0.05128205128205128
4.869565217391305,12.58695652173913,1.673913043478261,4.946720965364707,46,SJF,214.02173913043478,226.6086956521739,0.07809847198641766
5.303030303030303,13.090909090909092,0.0,5.00851547593968,33,SRTF,157.75757575757575,170.84848484848484,0.0746606334841629
4.666666666666667,13.0,0.0,5.359782899266791,12,SRTF,51.416666666666664,64.41666666666667,0.07228915662650602
6.8,12.2,0.0,4.658325879540846,5,SJF,15.0,27.2,0.07042253521126761
5.717391304347826,13.152173913043478,0.0,4.723310474206497,46,SJF,228.58695652173913,241.7391304347826,0.07479674796747968
4.714285714285714,12.428571428571429,0.0,4.606184019004366,28,SRTF,128.42857142857142,140.85714285714286,0.0782122905027933
4.375,13.625,2.09375,4.301162633521313,32,SJF,168.125,181.75,0.07174887892376682
5.833333333333333,12.958333333333334,0.0,4.903230227785216,24,SJF,111.5,124.45833333333333,0.07476635514018691
5.625,10.25,0.0,4.713203338949606,8,SRTF,21.75,32.0,0.08695652173913043
4.644444444444445,12.177777777777777,1.4666666666666666,4.463431664338799,45,SRTF,206.7111111111111,218.88888888888889,0.0807899461400359
5.8979591836734695,11.755102040816327,0.0,4.165986339016339,49,SRTF,219.18367346938774,230.9387755102041,0.08361774744027303
4.166666666666667,14.833333333333334,1.8333333333333333,3.710345895825167,6,SRTF,29.333333333333332,44.166666666666664,0.061855670103092786
4.904761904761905,13.428571428571429,0.0,5.08533451974404,42,SJF,210.47619047619048,223.9047619047619,0.07317073170731707
4.906976744186046,12.069767441860465,2.2325581395348837,4.53764858781878,43,SRTF,194.27906976744185,206.34883720930233,0.08128544423440454
4.428571428571429,12.285714285714286,3.0,3.450327796711771,7,SJF,28.0,40.285714285714285,0.07291666666666667
5.65,12.9,1.5,4.986134621281144,40,SRTF,190.65,203.55,0.07604562737642585
5.0476190476190474,12.571428571428571,1.8571428571428572,4.642967031666589,21,SRTF,93.52380952380952,106.0952380952381,0.07664233576642336
5.095238095238095,12.238095238095237,0.0,3.9988093466025854,21,SJF,94.33333333333333,106.57142857142857,0.07865168539325842
5.208333333333333,12.875,1.5,4.785053722836849,24,SJF,111.83333333333333,124.70833333333333,0.07547169811320754
4.65,11.3,1.4,5.468570485775487,20,SRTF,74.5,85.8,0.0847457627118644
4.65,10.75,0.0,4.529145382380305,20,SJF,72.45,83.2,0.08888888888888889
5.15,14.05,1.2,4.084308870221304,20,SRTF,107.5,121.55,0.06872852233676977
4.2727272727272725,10.181818181818182,0.0,5.153992274308953,11,SJF,31.90909090909091,42.09090909090909,0.09016393442622951
6.172413793103448,10.96551724137931,0.0,4.271857730883182,29,SJF,113.17241379310344,124.13793103448276,0.08841463414634146
4.785714285714286,12.761904761904763,0.0,4.972164095802403,42,SJF,197.95238095238096,210.71428571428572,0.07692307692307693
4.518518518518518,11.703703703703704,0.0,3.841221909104674,27,SJF,118.5925925925926,130.2962962962963,0.08282208588957055
5.5,18.5,0.0,0.7071067811865476,2,FCFS,8.0,26.5,0.045454545454545456
5.526315789473684,11.710526315789474,1.894736842105263,5.071957321079934,38,SJF,157.21052631578948,168.92105263157896,0.08351648351648351
5.2105263157894735,12.31578947368421,1.736842105263158,3.5598475557083957,19,SJF,87.26315789473684,99.57894736842105,0.0778688524590164
4.9523809523809526,12.166666666666666,1.8571428571428572,4.515105631299075,42,SRTF,191.66666666666666,203.83333333333334,0.08061420345489444
4.0,12.521739130434783,0.0,4.67944795906323,23,SRTF,104.1304347826087,116.65217391304348,0.07744107744107744
4.714285714285714,13.714285714285714,0.0,5.851332774513447,7,SRTF,29.0,42.714285714285715,0.0660377358490566
4.4,12.6,1.88,5.024937810560445,25,SJF,111.8,124.4,0.07692307692307693
5.8,12.55,1.1,4.582288557157071,20,SRTF,88.75,101.3,0.07662835249042145
4.9375,12.9375,0.0,4.5495206668255,48,SJF,237.08333333333334,250.02083333333334,0.07606973058637084
5.428571428571429,11.952380952380953,1.7380952380952381,4.5422267073641045,42,SRTF,186.76190476190476,198.71428571428572,0.08203125
5.064516129032258,11.935483870967742,0.0,4.479103212853869,31,SJF,135.41935483870967,147.3548387096774,0.08157894736842106
5.666666666666667,13.666666666666666,0.0,5.0,9,SJF,37.77777777777778,51.44444444444444,0.06766917293233082
5.888888888888889,12.11111111111111,1.6666666666666667,3.855011168740126,9,SJF,35.666666666666664,47.77777777777778,0.07563025210084033
4.848484848484849,13.090909090909092,0.0,3.8516525379020456,33,SJF,169.87878787878788,182.96969696969697,0.0746606334841629
5.023809523809524,12.880952380952381,1.7380952380952381,4.412854730865939,42,SJF,206.88095238095238,219.76190476190476,0.07622504537205081
4.384615384615385,12.038461538461538,0.0,4.413441008834438,26,SJF,113.88461538461539,125.92307692307692,0.0804953560371517
5.181818181818182,12.363636363636363,1.8636363636363635,5.350081926791087,22,SJF,92.86363636363636,105.22727272727273,0.07801418439716312
6.555555555555555,11.222222222222221,1.8888888888888888,4.737556801183965,9,SRTF,28.88888888888889,40.111111111111114,0.08108108108108109
5.285714285714286,11.285714285714286,1.0952380952380953,4.451324040584522,21,SRTF,82.71428571428571,94.0,0.08502024291497975
5.375,12.90625,2.21875,4.6583907992685285,32,SRTF,153.25,166.15625,0.07565011820330969
5.2,11.48,1.24,5.058985405526817,25,SRTF,99.56,111.04,0.08417508417508418
4.666666666666667,12.212121212121213,1.9696969696969697,4.871842411742039,33,SJF,145.57575757575756,157.78787878787878,0.07990314769975787
5.25,14.5,0.0,5.631543812693436,8,SRTF,38.0,52.5,0.064
5.0,11.8,1.65,4.8078882551161914,20,SJF,80.6,92.4,0.08130081300813008
5.512820512820513,12.871794871794872,0.0,4.90531123096227,39,SJF,185.15384615384616,198.02564102564102,0.076171875
7.333333333333333,12.88888888888889,1.2222222222222223,3.655285366576885,9,SRTF,37.77777777777778,50.666666666666664,0.07142857142857142
3.9473684210526314,11.368421052631579,2.3684210526315788,5.230365679969119,19,SJF,71.0,82.36842105263158,0.08482142857142858
4.575757575757576,12.575757575757576,0.0,4.115749499106323,33,SRTF,159.03030303030303,171.6060606060606,0.07764705882352942
5.925925925925926,11.666666666666666,1.9259259259259258,4.548879828299237,27,SJF,113.48148148148148,125.14814814814815,0.08307692307692308
5.08,12.2,1.72,4.183300132670378,25,SJF,112.12,124.32,0.07936507936507936
5.387096774193548,12.451612903225806,1.7419354838709677,4.794710347020762,31,SRTF,140.74193548387098,153.19354838709677,0.07828282828282829
5.739130434782608,12.978260869565217,1.8043478260869565,4.9910548002725506,46,SJF,221.6304347826087,234.6086956521739,0.0757825370675453
4.825,11.325,1.375,4.502919281008939,40,SRTF,166.7,178.025,0.08639308855291576
4.66,12.64,1.74,4.964198354832575,50,SJF,234.58,247.22,0.0778816199376947
5.130434782608695,12.934782608695652,1.6521739130434783,4.557787835309013,46,SRTF,226.7608695652174,239.69565217391303,0.07603305785123966
4.837837837837838,11.64864864864865,0.0,4.871779370438919,37,SJF,154.24324324324326,165.8918918918919,0.08390022675736962
4.769230769230769,11.564102564102564,1.641025641025641,4.302966368466193,39,SJF,168.10256410256412,179.66666666666666,0.08459869848156182
5.955555555555556,12.311111111111112,1.5555555555555556,4.606429411072303,45,SRTF,207.0,219.3111111111111,0.0797872340425532
4.380952380952381,11.0,0.0,4.47213595499958,21,SJF,80.14285714285714,91.14285714285714,0.08713692946058091
4.875,13.75,2.125,2.5495097567963922,8,SJF,40.375,54.125,0.06666666666666667
4.0,10.058823529411764,0.0,4.0073461953532,17,SJF,58.88235294117647,68.94117647058823,0.09444444444444444
5.166666666666667,13.11111111111111,1.6111111111111112,4.3475955770502965,36,SRTF,180.33333333333334,193.44444444444446,0.07468879668049792
4.4,13.666666666666666,0.0,5.4072262055600415,15,SJF,69.13333333333334,82.8,0.07009345794392523
2.0,15.0,5.0,,1,FCFS,0.0,15.0,0.058823529411764705
4.0,6.0,1.5,0.0,2,FCFS,1.0,7.0,0.1111111111111111
5.711111111111111,12.377777777777778,0.0,4.691815353691075,45,SJF,207.77777777777777,220.15555555555557,0.07936507936507936
4.853658536585366,12.829268292682928,1.5365853658536586,4.005636272955835,41,SJF,205.3658536585366,218.1951219512195,0.07649253731343283
4.09375,13.09375,2.0,4.630609066049589,32,SJF,157.0625,170.15625,0.07459207459207459
5.03030303030303,12.242424242424242,0.0,4.879999379036224,33,SJF,145.63636363636363,157.87878787878788,0.07971014492753623
4.2,12.4,1.1,4.765617600176404,10,SRTF,40.0,52.4,0.07462686567164178
5.315789473684211,12.947368421052632,1.631578947368421,4.871025023495195,38,SRTF,182.1578947368421,195.10526315789474,0.07569721115537849
4.2,11.7,0.0,4.164666186436129,10,SRTF,39.2,50.9,0.08
5.0,13.743589743589743,0.0,4.345099773053177,39,SJF,208.35897435897436,222.10256410256412,0.07142857142857142
5.170212765957447,12.02127659574468,0.0,4.706560461563558,47,SJF,208.7872340425532,220.80851063829786,0.0817391304347826
5.0,7.857142857142857,0.0,4.561745697594706,7,SJF,12.0,19.857142857142858,0.1076923076923077
5.1,11.575,0.0,4.781843330874156,40,SJF,167.0,178.575,0.08456659619450317
4.666666666666667,10.666666666666666,0.0,2.081665999466133,3,SJF,7.0,17.666666666666668,0.07142857142857142
4.6521739130434785,12.23913043478261,1.826086956521739,4.835906361600094,46,SJF,207.67391304347825,219.91304347826087,0.08027923211169284
5.4523809523809526,11.976190476190476,0.0,4.274074398373748,42,SJF,189.28571428571428,201.26190476190476,0.08187134502923976
2.3333333333333335,13.333333333333334,3.0,7.023769168568492,3,SRTF,8.666666666666666,22.0,0.06976744186046512
5.956521739130435,12.08695652173913,0.0,4.305525450756809,23,SRTF,100.21739130434783,112.30434782608695,0.0798611111111111
4.285714285714286,11.0,0.0,4.760952285695233,7,SRTF,22.285714285714285,33.285714285714285,0.08139534883720931
4.875,12.375,1.375,5.0124844139408555,8,SRTF,28.375,40.75,0.07339449541284404
5.0,13.326530612244898,1.8571428571428572,4.506420212236282,49,SJF,252.9591836734694,266.2857142857143,0.07390648567119155
5.666666666666667,12.466666666666667,0.0,5.462425764996284,15,SJF,59.86666666666667,72.33333333333333,0.07653061224489796
5.9375,13.65625,0.0,4.590378261172511,32,SRTF,165.46875,179.125,0.07158836689038031
5.470588235294118,10.882352941176471,1.411764705882353,5.035900526980956,17,SJF,59.529411764705884,70.41176470588235,0.08717948717948718
6.285714285714286,14.285714285714286,2.0714285714285716,3.429029273459437,14,SRTF,75.92857142857143,90.21428571428571,0.06666666666666667
5.2,10.6,2.4,5.029910535983717,5,SJF,13.2,23.8,0.08196721311475409
4.1395348837209305,12.023255813953488,0.0,4.738335914909888,43,SJF,190.69767441860466,202.72093023255815,0.08159392789373814
6.0,12.0,2.2,5.1478150704935,5,SRTF,12.2,24.2,0.07246376811594203
3.857142857142857,15.857142857142858,0.0,1.5735915849388862,7,SJF,41.857142857142854,57.714285714285715,0.059322033898305086
5.425531914893617,12.702127659574469,1.425531914893617,4.486282927445379,47,SJF,226.89361702127658,239.59574468085106,0.07742998352553541
5.044444444444444,12.222222222222221,0.0,4.626450086625857,45,SJF,205.24444444444444,217.46666666666667,0.08035714285714286
5.204081632653061,12.591836734693878,0.0,4.573102372145462,49,SJF,233.6326530612245,246.22448979591837,0.07814992025518341
4.439024390243903,13.146341463414634,0.0,4.469681060264569,41,SJF,207.02439024390245,220.17073170731706,0.07468123861566485
5.081081081081081,11.621621621621621,0.0,4.430646750828894,37,SJF,157.83783783783784,169.45945945945945,0.08409090909090909
4.285714285714286,14.571428571428571,2.142857142857143,6.704653678780207,7,SRTF,29.857142857142858,44.42857142857143,0.06363636363636363
5.75,12.625,0.0,4.594799178112084,40,SJF,188.475,201.1,0.07766990291262135
3.8,13.6,0.0,5.813776741499453,5,SRTF,17.0,30.6,0.06666666666666667
5.416666666666667,11.8125,1.4791666666666667,4.949344465512365,48,SRTF,206.20833333333334,218.02083333333334,0.0831889081455806
4.235294117647059,13.294117647058824,0.0,5.1327953626941065,17,SJF,78.05882352941177,91.3529411764706,0.07203389830508475
5.333333333333333,11.291666666666666,2.2083333333333335,3.9062844201382076,24,SJF,99.75,111.04166666666667,0.08540925266903915
4.476190476190476,12.452380952380953,1.3571428571428572,4.3347848904481525,42,SRTF,199.5952380952381,212.04761904761904,0.07879924953095685
5.916666666666667,11.75,0.0,4.655525001917427,24,SRTF,101.04166666666667,112.79166666666667,0.0821917808219178
6.052631578947368,12.736842105263158,0.0,4.26669407885931,19,SRTF,87.57894736842105,100.3157894736842,0.07539682539682539
5.722222222222222,12.972222222222221,1.5833333333333333,3.982003165035056,36,SJF,181.36111111111111,194.33333333333334,0.07547169811320754
4.413793103448276,13.586206896551724,0.0,4.640791507147017,29,SJF,148.93103448275863,162.51724137931035,0.07178217821782178
6.0,10.833333333333334,1.5,5.344779384283945,6,SRTF,15.0,25.833333333333332,0.08
5.206896551724138,13.655172413793103,0.0,4.352961734505481,29,SJF,151.58620689655172,165.24137931034483,0.07142857142857142
5.035714285714286,12.357142857142858,1.3928571428571428,4.218252101718293,28,SRTF,129.10714285714286,141.46428571428572,0.07865168539325842
5.555555555555555,10.88888888888889,1.5555555555555556,5.441609239104835,9,SJF,25.666666666666668,36.55555555555556,0.08411214953271028
4.9523809523809526,12.904761904761905,0.0,4.938671500563304,21,SRTF,96.0952380952381,109.0,0.07473309608540925
4.894736842105263,11.894736842105264,1.9473684210526316,4.875046858374289,19,SJF,77.10526315789474,89.0,0.08050847457627118
5.3,13.233333333333333,1.6333333333333333,5.399127217675434,30,SRTF,143.93333333333334,157.16666666666666,0.07371007371007371
5.088888888888889,11.977777777777778,1.3555555555555556,5.145558052997525,45,SJF,192.82222222222222,204.8,0.08196721311475409
5.04,12.8,0.0,4.725815626252608,25,SJF,115.52,128.32,0.07575757575757576
4.7727272727272725,13.318181818181818,0.0,4.444870193373571,44,SJF,226.20454545454547,239.52272727272728,0.0738255033557047
6.0,12.166666666666666,0.0,4.842935369020089,30,SJF,129.5,141.66666666666666,0.08
4.6,13.4,0.0,5.549774770204643,5,SJF,16.4,29.8,0.06493506493506493
3.0,16.0,1.0,1.4142135623730951,2,FCFS,6.5,22.5,0.05405405405405406
5.0,9.666666666666666,0.0,4.509249752822894,3,SRTF,6.333333333333333,16.0,0.08571428571428572
5.523809523809524,13.047619047619047,1.9047619047619047,4.271723194171065,21,SRTF,100.38095238095238,113.42857142857143,0.07394366197183098
5.67741935483871,13.0,1.6451612903225807,4.661902329879224,31,SJF,149.32258064516128,162.32258064516128,0.07506053268765134
5.518518518518518,11.37037037037037,0.0,4.124487363466642,27,SRTF,112.48148148148148,123.85185185185185,0.08517350157728706
5.962962962962963,12.592592592592593,1.962962962962963,4.7170660638486135,27,SRTF,122.5925925925926,135.1851851851852,0.07714285714285714
4.27906976744186,11.372093023255815,1.7674418604651163,4.598256687329363,43,SJF,179.02325581395348,190.3953488372093,0.08617234468937876
4.733333333333333,12.8,0.0,4.491261356392942,15,SJF,66.4,79.2,0.07462686567164178
4.176470588235294,13.470588235294118,2.0,3.8748814023596827,17,SRTF,85.82352941176471,99.29411764705883,0.07172995780590717
4.729166666666667,13.541666666666666,0.0,3.7584420342507205,48,SRTF,263.4375,276.9791666666667,0.07272727272727272
4.533333333333333,11.1,0.0,4.915492749004645,30,SRTF,116.06666666666666,127.16666666666667,0.08746355685131195
4.657894736842105,12.473684210526315,1.394736842105263,4.098363827156388,38,SRTF,182.6315789473684,195.10526315789474,0.07851239669421488
4.827586206896552,11.275862068965518,1.8275862068965518,4.6128434964946194,29,SJF,115.75862068965517,127.03448275862068,0.08605341246290801
5.355555555555555,12.71111111111111,1.9111111111111112,4.755963826522646,45,SRTF,213.95555555555555,226.66666666666666,0.07731958762886598
5.2,12.92,1.8,4.061198509471476,25,SJF,121.76,134.68,0.07507507507507508
5.361702127659575,11.382978723404255,0.0,4.341674649303771,47,SJF,200.06382978723406,211.4468085106383,0.08623853211009175
4.7,13.75,1.95,5.408326913195984,20,SJF,96.5,110.25,0.07017543859649122
4.363636363636363,12.636363636363637,0.0,4.129714936232943,11,SRTF,48.54545454545455,61.18181818181818,0.0738255033557047
5.541666666666667,12.083333333333334,0.0,5.089773777040516,24,SRTF,100.29166666666667,112.375,0.08
5.2727272727272725,13.121212121212121,1.5757575757575757,4.33559090376946,33,SJF,164.72727272727272,177.84848484848484,0.0744920993227991
6.4,13.1,1.4,4.280446497997869,10,SRTF,43.2,56.3,0.07092198581560284
3.6785714285714284,13.25,0.0,4.575498353751773,28,SRTF,139.53571428571428,152.78571428571428,0.07349081364829396
4.086956521739131,12.58695652173913,1.826086956521739,4.563507846463541,46,SRTF,219.82608695652175,232.41304347826087,0.07809847198641766
5.419354838709677,13.161290322580646,0.0,5.1322300168870605,31,SRTF,148.61290322580646,161.7741935483871,0.07416267942583732
5.764705882352941,11.823529411764707,2.1176470588235294,4.798896932077818,17,SRTF,69.47058823529412,81.29411764705883,0.08056872037914692
4.9,12.94,0.0,4.13254875151806,50,SJF,253.42,266.36,0.076103500761035
5.59375,13.9375,1.53125,4.641589688749931,32,SRTF,170.65625,184.59375,0.07017543859649122
4.5,16.5,1.5,0.7071067811865476,2,FCFS,6.0,22.5,0.05
4.823529411764706,12.529411764705882,0.0,4.744966373153022,17,SRTF,74.23529411764706,86.76470588235294,0.07623318385650224
5.0,20.0,0.0,,1,FCFS,0.0,20.0,0.04
6.0,10.5,0.5,2.1213203435596424,2,FCFS,0.5,11.0,0.06451612903225806
4.804878048780488,12.975609756097562,1.829268292682927,4.174253255841389,41,SJF,207.21951219512195,220.1951219512195,0.07564575645756458
4.324324324324325,11.91891891891892,1.8108108108108107,4.698571759223922,37,SJF,161.0,172.9189189189189,0.082039911308204
4.888888888888889,12.5,0.0,4.579365483917408,18,SJF,78.77777777777777,91.27777777777777,0.07659574468085106
5.411764705882353,12.470588235294118,0.0,5.064644497486275,34,SJF,152.2058823529412,164.6764705882353,0.07834101382488479
3.9583333333333335,13.416666666666666,1.8333333333333333,4.88935548937171,24,SRTF,118.08333333333333,131.5,0.07228915662650602
5.0,13.19047619047619,1.6666666666666667,4.388838657538548,21,SRTF,102.57142857142857,115.76190476190476,0.07317073170731707
5.428571428571429,11.428571428571429,0.0,4.945416348210012,21,SJF,81.66666666666667,93.0952380952381,0.08433734939759036
5.9375,12.8125,2.3125,5.036119537898202,16,SRTF,69.375,82.1875,0.07441860465116279
4.0,18.0,0.0,1.0,3,SJF,15.333333333333334,33.333333333333336,0.04918032786885246
4.955555555555556,13.066666666666666,1.488888888888889,4.448697460033564,45,SRTF,226.55555555555554,239.62222222222223,0.07525083612040134
5.84,12.08,0.0,4.777726097911711,25,SRTF,107.24,119.32,0.08012820512820513
4.739130434782608,12.73913043478261,1.934782608695652,4.82325285631409,46,SRTF,219.45652173913044,232.19565217391303,0.07718120805369127
5.4186046511627906,10.511627906976743,1.697674418604651,4.641285192616658,43,SJF,160.11627906976744,170.62790697674419,0.09307359307359307
4.125,11.6875,0.0,3.736642878306676,16,SJF,67.875,79.5625,0.08121827411167512
5.25,13.05,1.55,4.394673809822163,20,SRTF,95.15,108.2,0.07380073800738007
5.9375,10.9375,1.8125,4.434241761564203,16,SJF,57.0,67.9375,0.08648648648648649
5.166666666666667,11.75,2.0,5.42929762743513,12,SJF,42.416666666666664,54.166666666666664,0.07947019867549669
5.5,11.166666666666666,0.0,4.5789372857319925,6,SRTF,19.0,30.166666666666668,0.07894736842105263
9.0,9.0,0.0,4.242640687119285,2,SJF,3.0,12.0,0.07407407407407407
5.304347826086956,13.5,1.6521739130434783,4.769113591061178,46,SJF,236.52173913043478,250.02173913043478,0.07290015847860538
5.3061224489795915,12.489795918367347,0.0,4.7745961826612096,49,SJF,228.0,240.48979591836735,0.07877813504823152
5.478260869565218,13.565217391304348,1.9130434782608696,5.475782110650511,23,SRTF,111.43478260869566,125.0,0.07142857142857142
5.6923076923076925,10.461538461538462,2.3846153846153846,3.454836817549772,13,SJF,46.23076923076923,56.69230769230769,0.08904109589041095
5.358974358974359,11.794871794871796,1.435897435897436,4.162359447157518,39,SJF,173.35897435897436,185.15384615384616,0.08297872340425531
5.512820512820513,12.897435897435898,0.0,4.694873305811865,39,SRTF,188.02564102564102,200.92307692307693,0.07602339181286549
4.702127659574468,11.51063829787234,1.574468085106383,4.731358571440646,47,SJF,198.06382978723406,209.5744680851064,0.0852994555353902
6.0,13.306122448979592,1.3061224489795917,4.895593603915041,49,SJF,246.0612244897959,259.3673469387755,0.07401812688821752
4.428571428571429,13.428571428571429,0.0,5.623081683476385,7,SRTF,26.714285714285715,40.142857142857146,0.06796116504854369
5.333333333333333,15.333333333333334,2.3333333333333335,3.5023801430836525,6,SJF,28.833333333333332,44.166666666666664,0.058823529411764705
5.714285714285714,12.0,0.0,4.509249752822894,7,SJF,23.428571428571427,35.42857142857143,0.07526881720430108
5.413793103448276,11.310344827586206,2.0689655172413794,4.591167360703609,29,SJF,116.34482758620689,127.65517241379311,0.08579881656804733
5.0606060606060606,12.93939393939394,0.0,3.6991501890585794,33,SRTF,169.33333333333334,182.27272727272728,0.07551487414187644
5.6,12.0,0.0,4.436419522747841,45,SRTF,202.0,214.0,0.08181818181818182
5.238095238095238,11.857142857142858,0.0,5.443213336676362,21,SJF,81.76190476190476,93.61904761904762,0.08108108108108109
4.8,14.5,0.0,3.5909242322980393,20,SRTF,115.05,129.55,0.06688963210702341
4.818181818181818,11.863636363636363,1.6363636363636365,4.517642184712165,22,SJF,92.27272727272727,104.13636363636364,0.08118081180811808
4.617021276595745,13.46808510638298,2.0,4.781536335920692,47,SRTF,241.7659574468085,255.2340425531915,0.07309486780715396
4.608695652173913,12.608695652173912,0.0,3.9627714181180025,23,SRTF,110.8695652173913,123.47826086956522,0.07666666666666666
5.410256410256411,11.58974358974359,0.0,4.6719653743194,39,SJF,163.2051282051282,174.7948717948718,0.08441558441558442
4.428571428571429,12.693877551020408,1.3265306122448979,4.899847283473286,49,SJF,232.42857142857142,245.12244897959184,0.07753164556962025
5.083333333333333,13.055555555555555,1.7222222222222223,4.6163959006037505,36,SRTF,176.69444444444446,189.75,0.075
5.285714285714286,12.857142857142858,1.7142857142857142,4.671635240916806,14,SJF,60.642857142857146,73.5,0.07368421052631578
4.590909090909091,12.613636363636363,1.2272727272727273,5.1769431093761025,44,SRTF,202.6818181818182,215.29545454545453,0.07787610619469026
3.9,12.625,0.0,4.933857387273037,40,SJF,186.4,199.025,0.07766990291262135
5.6,12.333333333333334,0.0,3.61873432227873,15,SRTF,67.73333333333333,80.06666666666666,0.07692307692307693
4.625,12.458333333333334,1.375,4.827270059970134,24,SJF,106.83333333333333,119.29166666666667,0.07766990291262135
5.870967741935484,13.129032258064516,1.4838709677419355,4.638548159958896,31,SJF,150.5483870967742,163.67741935483872,0.07434052757793765
6.0,12.222222222222221,1.2222222222222223,5.494947173944846,9,SRTF,33.666666666666664,45.888888888888886,0.07563025210084033
4.642857142857143,13.821428571428571,0.0,4.643223428774864,28,SRTF,146.82142857142858,160.64285714285714,0.07052896725440806
4.277777777777778,13.916666666666666,0.0,4.75319441458659,36,SRTF,192.63888888888889,206.55555555555554,0.07045009784735812
6.0,13.5,0.0,0.7071067811865476,2,FCFS,2.5,16.0,0.05405405405405406
5.25,13.178571428571429,1.7857142857142858,4.7923826242205685,28,SJF,134.92857142857142,148.10714285714286,0.07387862796833773
5.0,9.5,2.25,1.2909944487358056,4,SJF,10.25,19.75,0.08333333333333333
6.2,15.8,0.0,4.08656334834051,5,SJF,22.6,38.4,0.056818181818181816
4.681818181818182,12.863636363636363,1.8636363636363635,4.549154338424362,22,SRTF,103.77272727272727,116.63636363636364,0.07508532423208192
4.848484848484849,12.303030303030303,1.7575757575757576,4.2828498724918,33,SRTF,152.42424242424244,164.72727272727272,0.07932692307692307
5.5,12.026315789473685,0.0,5.23236725974248,38,SRTF,162.18421052631578,174.21052631578948,0.08137044967880086
5.365853658536586,12.804878048780488,2.1463414634146343,4.523380993212499,41,SJF,198.09756097560975,210.90243902439025,0.07663551401869159
4.73469387755102,13.040816326530612,0.0,4.462618736391734,49,SJF,246.28571428571428,259.3265306122449,0.07550077041602465
6.0,13.0,0.0,,1,FCFS,0.0,13.0,0.05263157894736842
4.756756756756757,11.945945945945946,0.0,3.748673439038475,37,SJF,171.6216216216216,183.56756756756758,0.08185840707964602
4.8,15.8,0.0,3.7682887362833544,5,SRTF,25.6,41.4,0.056179775280898875
5.186046511627907,11.465116279069768,0.0,4.473992768845415,43,SRTF,181.53488372093022,193.0,0.08548707753479125
4.857142857142857,11.571428571428571,1.8095238095238095,4.884377427793931,21,SRTF,83.85714285714286,95.42857142857143,0.08300395256916997
5.678571428571429,12.857142857142858,2.0357142857142856,4.703932836147231,28,SJF,130.85714285714286,143.71428571428572,0.07567567567567568
4.705882352941177,10.0,1.8823529411764706,4.0,17,SJF,56.705882352941174,66.70588235294117,0.09497206703910614
4.486486486486487,11.945945945945946,0.0,4.630490410468576,37,SJF,162.0810810810811,174.02702702702703,0.08185840707964602
5.5,13.5625,1.5208333333333333,4.667252369526536,48,SRTF,250.5,264.0625,0.07261724659606657
5.428571428571429,9.857142857142858,1.5714285714285714,3.532165125838609,7,SJF,18.714285714285715,28.571428571428573,0.08860759493670886
5.0,15.0,1.0,,1,FCFS,0.0,15.0,0.05
4.3,11.1,1.9,3.9001424475410014,10,SRTF,38.6,49.7,0.08333333333333333
5.510204081632653,12.26530612244898,1.7551020408163265,4.333856587979125,49,SJF,228.57142857142858,240.83673469387756,0.08019639934533551
4.176470588235294,11.764705882352942,1.9411764705882353,4.3664833070319,17,SRTF,70.41176470588235,82.17647058823529,0.08095238095238096
5.142857142857143,12.714285714285714,1.2285714285714286,5.2444448400829105,35,SRTF,160.6,173.31428571428572,0.07709251101321586
5.476190476190476,15.047619047619047,0.0,4.6954892234589405,21,SRTF,121.47619047619048,136.52380952380952,0.06441717791411043
5.621621621621622,12.135135135135135,1.945945945945946,4.559252875942152,37,SJF,165.59459459459458,177.72972972972974,0.08061002178649238
6.4,13.8,0.0,5.848076606885378,5,SJF,18.2,32.0,0.06329113924050633
4.380952380952381,13.095238095238095,0.0,4.6357821552005865,21,SRTF,100.95238095238095,114.04761904761905,0.07368421052631578
3.0,13.4,0.0,4.159326868617084,5,SRTF,19.6,33.0,0.0684931506849315
5.423076923076923,13.0,0.0,4.586937976471886,26,SRTF,124.42307692307692,137.42307692307693,0.07471264367816093
3.4,10.2,0.0,2.16794833886788,5,SRTF,16.2,26.4,0.08928571428571429
6.3,14.7,1.5,2.7100635498903793,10,SJF,54.5,69.2,0.06369426751592357
4.5,11.0,0.0,3.559026084010437,4,SRTF,11.75,22.75,0.08
5.34375,12.0,0.0,5.38216888767752,32,SJF,133.125,145.125,0.08121827411167512
4.2,12.857142857142858,1.7142857142857142,5.088296011684167,35,SJF,164.14285714285714,177.0,0.07608695652173914
6.409090909090909,11.454545454545455,0.0,5.360590521195472,22,SJF,82.5,93.95454545454545,0.08396946564885496
4.6,14.0,1.4,5.70087712549569,5,SRTF,19.8,33.8,0.0641025641025641
5.257142857142857,11.714285714285714,0.0,4.725222861668746,35,SJF,148.22857142857143,159.94285714285715,0.08353221957040573
4.5,12.88888888888889,1.7222222222222223,4.417730171624456,18,SJF,83.05555555555556,95.94444444444444,0.0743801652892562
5.166666666666667,11.25,1.6666666666666667,4.826536495817114,12,SJF,42.0,53.25,0.08275862068965517
4.578947368421052,13.947368421052632,0.0,5.243765443208898,19,SRTF,94.36842105263158,108.3157894736842,0.06909090909090909
3.9444444444444446,11.5,0.0,4.617740725913995,18,SJF,71.33333333333333,82.83333333333333,0.08294930875576037
6.153846153846154,11.615384615384615,0.0,4.626100919413582,39,SJF,163.74358974358975,175.35897435897436,0.08423326133909287
6.046511627906977,12.209302325581396,2.0697674418604652,4.206333883532828,43,SRTF,199.95348837209303,212.1627906976744,0.08037383177570094
6.428571428571429,15.0,0.0,5.5377492419453835,7,SRTF,32.857142857142854,47.857142857142854,0.06086956521739131
4.869565217391305,11.673913043478262,0.0,4.599779452809966,46,SRTF,198.32608695652175,210.0,0.08409506398537477
4.372093023255814,12.883720930232558,1.744186046511628,4.701617261394927,43,SRTF,209.4418604651163,222.32558139534885,0.07624113475177305
3.7872340425531914,12.659574468085106,0.0,4.673126668352184,47,SJF,224.91489361702128,237.5744680851064,0.07768595041322314
7.5,15.0,0.0,7.0710678118654755,2,FCFS,4.5,19.5,0.05263157894736842
4.466666666666667,14.2,0.0,3.3423687066852112,15,SJF,81.33333333333333,95.53333333333333,0.06726457399103139
5.743589743589744,10.820512820512821,2.051282051282051,4.734374826020049,39,SJF,148.66666666666666,159.48717948717947,0.09027777777777778
4.416666666666667,14.125,1.9166666666666667,4.711802941180981,24,SRTF,126.875,141.0,0.06876790830945559
4.833333333333333,13.416666666666666,2.1666666666666665,4.48144321991625,12,SRTF,54.666666666666664,68.08333333333333,0.07058823529411765
5.409090909090909,13.477272727272727,2.022727272727273,4.5672679552499265,44,SRTF,228.54545454545453,242.02272727272728,0.07296849087893864
4.666666666666667,12.452380952380953,1.2857142857142858,4.696664000051999,42,SRTF,195.35714285714286,207.8095238095238,0.07879924953095685
4.3428571428571425,12.428571428571429,0.0,4.244620916252601,35,SJF,165.0857142857143,177.5142857142857,0.07865168539325842
4.822222222222222,11.622222222222222,1.5777777777777777,4.514063322192953,45,SJF,193.44444444444446,205.06666666666666,0.08442776735459662
4.0,8.0,0.5,1.4142135623730951,2,FCFS,0.5,8.5,0.08333333333333333
4.523809523809524,12.428571428571429,1.380952380952381,5.0554072889474355,21,SRTF,91.38095238095238,103.80952380952381,0.07749077490774908
5.117647058823529,12.029411764705882,1.3529411764705883,4.858515137412197,34,SJF,146.94117647058823,158.97058823529412,0.081145584725537
5.257142857142857,12.285714285714286,0.0,4.502100350172706,35,SRTF,159.88571428571427,172.17142857142858,0.07954545454545454
